metric,pvi_range,prob_GOP_bin,prob_GOP_all,prob_GOP_red,prob_GOP_blue,logit_all,logit_red,logit_blue
0.06,D+26+,0.0,0.0,0.0,0.0,0.0,0.0,0.0
0.07,D+26+,0.0,0.0,0.0,0.0,0.0,0.0,0.0
0.08,D+26+,0.0,0.0,0.0,0.0,0.0,0.0,0.0
0.09,D+26+,0.0,0.0,0.0,0.0,0.0,0.0,0.0
0.1,D+26+,0.0,0.0,0.0,0.0,0.0,0.0,0.0
0.11,D+26+,0.0,0.0,0.0,0.0,0.0,0.0,0.0
0.12,D+26+,0.0,0.0,0.0,0.0,0.0,0.0,0.0
0.13,D+26+,0.0,0.0,0.0,0.0,0.0,0.0,0.0
0.14,D+26+,0.0,0.0,0.0,0.0,0.0,0.0,0.0
0.15,D+26+,0.0,0.0,0.0,0.0,0.0,0.0,0.0001
0.16,D+26+,0.0,0.0,0.0,0.0,0.0,0.0,0.0001
0.17,D+26+,0.0,0.0,0.0,0.0,0.0,0.0,0.0001
0.18,D+26+,0.0,0.0,0.0,0.0,0.0,0.0,0.0001
0.19,D+26+,0.0,0.0,0.0,0.0,0.0001,0.0,0.0001
0.2,D+26+,0.0,0.0,0.0,0.0,0.0001,0.0,0.0002
0.21,D+26+,0.0,0.0,0.0,0.0,0.0001,0.0,0.0002
0.22,D+26+,0.0,0.0,0.0,0.0,0.0001,0.0,0.0003
0.23,D+26+,0.0,0.0,0.0,0.0,0.0002,0.0,0.0004
0.24,D+26+,0.0,0.0,0.0,0.0,0.0003,0.0,0.0005
0.25,D+25 to D+8,0.004449388209121246,0.03571428571428571,0.0,0.1111111111111111,0.0004,0.0001,0.0007
0.26,D+25 to D+8,0.004449388209121246,0.0,0.0,0.0,0.0005,0.0001,0.0009
0.27,D+25 to D+8,0.004449388209121246,0.0,0.0,0.0,0.0007,0.0001,0.0011
0.28,D+25 to D+8,0.004449388209121246,0.0,0.0,0.0,0.0009,0.0002,0.0015
0.29,D+25 to D+8,0.004449388209121246,0.0,0.0,0.0,0.0012,0.0003,0.0019
0.3,D+25 to D+8,0.004449388209121246,0.0,0.0,0.0,0.0016,0.0005,0.0024
0.31,D+25 to D+8,0.004449388209121246,0.0,0.0,0.0,0.0022,0.0007,0.0032
0.32,D+25 to D+8,0.004449388209121246,0.0,0.0,0.0,0.003,0.001,0.0041
0.33,D+25 to D+8,0.004449388209121246,0.0,0.0,0.0,0.0041,0.0016,0.0053
0.34,D+25 to D+8,0.004449388209121246,0.0,0.0,0.0,0.0056,0.0023,0.0068
0.35,D+25 to D+8,0.004449388209121246,0.0,0.0,0.0,0.0075,0.0035,0.0088
0.36,D+25 to D+8,0.004449388209121246,0.0,0.0,0.0,0.0102,0.0052,0.0114
0.37,D+25 to D+8,0.004449388209121246,0.0,0.0,0.0,0.0138,0.0077,0.0146
0.38,D+25 to D+8,0.004449388209121246,0.0,0.0,0.0,0.0186,0.0115,0.0188
0.39,D+25 to D+8,0.004449388209121246,0.017543859649122806,0.0,0.05263157894736842,0.025,0.0172,0.0242
0.4,D+25 to D+8,0.004449388209121246,0.0,0.0,0.0,0.0337,0.0254,0.0311
0.41,D+25 to D+8,0.004449388209121246,0.0,0.0,0.0,0.0451,0.0376,0.0399
0.42,D+25 to D+8,0.004449388209121246,0.021739130434782608,0.04166666666666666,0.0,0.0603,0.0552,0.051
0.43,D+7 to D+6,0.044585987261146494,0.05555555555555555,0.0,0.07407407407407407,0.08,0.0804,0.065
0.44,D+7 to D+6,0.044585987261146494,0.035294117647058816,0.06666666666666668,0.03225806451612903,0.1056,0.1156,0.0825
0.45,D+5,0.1176470588235294,0.1176470588235294,0.12,0.04,0.138,0.1635,0.1042
0.46,D+4,0.1875,0.1875,0.17647058823529413,0.15789473684210525,0.1785,0.2263,0.1307
0.47,D+3,0.2535211267605634,0.2535211267605634,0.4117647058823529,0.15384615384615385,0.2277,0.3044,0.1628
0.48,D+2,0.3387096774193548,0.3387096774193548,0.4166666666666667,0.24,0.2857,0.3956,0.201
0.49,D+1,0.3709677419354839,0.3709677419354839,0.6153846153846154,0.2272727272727273,0.3518,0.4947,0.2455
0.5,EVEN,0.4024390243902439,0.4024390243902439,0.6666666666666666,0.27586206896551724,0.424,0.5942,0.2962
0.51,R+1,0.5918367346938775,0.5918367346938775,0.6818181818181818,0.42424242424242425,0.4997,0.6866,0.3524
0.52,R+2,0.6538461538461539,0.6538461538461539,0.9285714285714286,0.3636363636363637,0.5754,0.7662,0.4131
0.53,R+3,0.6881720430107527,0.6881720430107527,0.95,0.5277777777777778,0.6477,0.8305,0.4766
0.54,R+4,0.7889908256880734,0.7889908256880734,0.8636363636363636,0.6216216216216216,0.7138,0.88,0.5408
0.55,R+5 to R+7,0.8093922651933702,0.8173913043478261,0.92,0.65,0.7719,0.9164,0.6036
0.56,R+5 to R+7,0.8093922651933702,0.7785234899328859,0.8333333333333334,0.6346153846153846,0.8211,0.9425,0.6633
0.57,R+5 to R+7,0.8093922651933702,0.8469387755102041,0.9545454545454546,0.6944444444444444,0.8617,0.9608,0.7181
0.58,R+8 to R+20,0.9535087719298244,0.9292929292929292,1.0,0.8125,0.8942,0.9735,0.7672
0.59,R+8 to R+20,0.9535087719298244,0.9541984732824428,0.9642857142857144,0.9166666666666666,0.9198,0.9821,0.8099
0.6,R+8 to R+20,0.9535087719298244,0.9363636363636364,1.0,0.8235294117647058,0.9396,0.988,0.8464
0.61,R+8 to R+20,0.9535087719298244,0.9611650485436892,1.0,0.9375,0.9548,0.9919,0.877
0.62,R+8 to R+20,0.9535087719298244,0.9545454545454546,1.0,0.92,0.9663,0.9946,0.9022
0.63,R+8 to R+20,0.9535087719298244,0.9464285714285714,1.0,0.8809523809523809,0.9749,0.9964,0.9226
0.64,R+8 to R+20,0.9535087719298244,0.95,0.9642857142857144,0.9090909090909092,0.9814,0.9976,0.9391
0.65,R+8 to R+20,0.9535087719298244,0.9655172413793104,0.95,0.9333333333333332,0.9862,0.9984,0.9523
0.66,R+8 to R+20,0.9535087719298244,0.9480519480519479,1.0,0.9230769230769232,0.9898,0.9989,0.9627
0.67,R+8 to R+20,0.9535087719298244,0.9710144927536232,1.0,0.96,0.9925,0.9993,0.9709
0.68,R+8 to R+20,0.9535087719298244,0.953125,1.0,0.9,0.9944,0.9995,0.9774
0.69,R+8 to R+20,0.9535087719298244,1.0,1.0,1.0,0.9959,0.9997,0.9824
0.7,R+8 to R+20,0.9535087719298244,0.9555555555555556,1.0,0.8461538461538461,0.997,0.9998,0.9863
0.71,R+21+,1.0,1.0,1.0,1.0,0.9978,0.9999,0.9894
0.72,R+21+,1.0,1.0,1.0,1.0,0.9983,0.9999,0.9918
0.73,R+21+,1.0,1.0,1.0,1.0,0.9988,0.9999,0.9936
0.74,R+21+,1.0,1.0,1.0,1.0,0.9991,1.0,0.9951
0.75,R+21+,1.0,1.0,1.0,1.0,0.9993,1.0,0.9962
0.76,R+21+,1.0,1.0,1.0,1.0,0.9995,1.0,0.997
0.77,R+21+,1.0,1.0,1.0,1.0,0.9996,1.0,0.9977
0.78,R+21+,1.0,1.0,1.0,1.0,0.9997,1.0,0.9982
0.79,R+21+,1.0,1.0,1.0,1.0,0.9998,1.0,0.9986
0.8,R+21+,1.0,1.0,1.0,1.0,0.9999,1.0,0.9989
0.81,R+21+,1.0,1.0,1.0,1.0,0.9999,1.0,0.9992
0.82,R+21+,1.0,1.0,1.0,1.0,0.9999,1.0,0.9994
0.83,R+21+,1.0,1.0,1.0,1.0,0.9999,1.0,0.9995
0.84,R+21+,1.0,1.0,1.0,1.0,1.0,1.0,0.9996
0.85,R+21+,1.0,1.0,1.0,1.0,1.0,1.0,0.9997
0.86,R+21+,1.0,1.0,1.0,1.0,1.0,1.0,0.9998
0.87,R+21+,1.0,1.0,1.0,1.0,1.0,1.0,0.9998
0.88,R+21+,1.0,1.0,1.0,1.0,1.0,1.0,0.9999
0.89,R+21+,1.0,1.0,1.0,1.0,1.0,1.0,0.9999
0.9,R+21+,1.0,1.0,1.0,1.0,1.0,1.0,0.9999
0.91,R+21+,1.0,1.0,1.0,1.0,1.0,1.0,0.9999
0.92,R+21+,1.0,1.0,1.0,1.0,1.0,1.0,1.0
0.93,R+21+,1.0,1.0,1.0,1.0,1.0,1.0,1.0
0.94,R+21+,1.0,1.0,1.0,1.0,1.0,1.0,1.0
